{
  "version": "3.0.0",
  "edition": "HYPER_ULTIMATE",
  "voice_personalities": {
    "professional_male": "en-GB-RyanNeural",
    "professional_female": "en-US-JennyNeural",
    "friendly_male": "en-US-GuyNeural",
    "friendly_female": "en-US-AriaNeural",
    "energetic_male": "en-US-ChristopherNeural",
    "energetic_female": "en-US-MichelleNeural",
    "calm_male": "en-GB-ThomasNeural",
    "calm_female": "en-US-SaraNeural",
    "authoritative_male": "en-US-DavisNeural",
    "warm_female": "en-US-AmberNeural"
  },
  "default_voice": "friendly_female",
  "wake_words": [
    "safwaan",
    "buddy",
    "hey safwaan",
    "computer",
    "assistant"
  ],
  "features": {
    "enable_voice_recognition": true,
    "enable_voice_synthesis": true,
    "enable_holographic_ui": true,
    "enable_system_tray": true,
    "enable_conversation_mode": true,
    "enable_learning": true,
    "enable_proactive": true,
    "enable_neural_memory": true,
    "enable_voice_cloning": true,
    "enable_plugin_system": true,
    "enable_web_control_panel": true,
    "enable_smart_home": false,
    "enable_automation": true,
    "enable_computer_vision": true,
    "enable_emotion_detection": true,
    "enable_predictive_intelligence": true
  },
  "ui": {
    "hologram_size": 300,
    "animation_fps": 30,
    "show_on_startup": true,
    "theme": "dark",
    "transparency": true,
    "always_on_top": false,
    "minimize_to_tray": true,
    "show_notifications": true
  },
  "voice_settings": {
    "rate": "+0%",
    "pitch": "+0Hz",
    "volume": "+0%",
    "enable_emotion_modulation": true,
    "enable_natural_pauses": true,
    "enable_breathing_sounds": false
  },
  "speech_recognition": {
    "engine": "google",
    "language": "en-US",
    "wake_word_sensitivity": 0.7,
    "ambient_noise_duration": 1,
    "phrase_time_limit": 10,
    "energy_threshold": 4000
  },
  "ai_brain": {
    "mode": "local",
    "fallback_to_cloud": false,
    "max_context_length": 10,
    "response_timeout": 30,
    "enable_learning": true,
    "enable_pattern_recognition": true
  },
  "neural_memory": {
    "enabled": true,
    "max_memories": 10000,
    "consolidation_threshold": 8000,
    "embedding_dimension": 384,
    "similarity_threshold": 0.7
  },
  "voice_cloning": {
    "enabled": true,
    "preset_profiles": [
      "news_anchor",
      "storyteller",
      "motivational",
      "meditation",
      "assistant"
    ]
  },
  "web_control_panel": {
    "enabled": true,
    "host": "localhost",
    "port": 8080,
    "auto_open_browser": false,
    "enable_websocket": true,
    "websocket_port": 8081
  },
  "automation": {
    "enabled": true,
    "workflow_directory": "workflows",
    "auto_execute": false,
    "max_concurrent_workflows": 5
  },
  "plugins": {
    "enabled": true,
    "plugin_directory": "plugins",
    "auto_load": true,
    "hot_reload": true
  },
  "smart_home": {
    "enabled": false,
    "platform": "none",
    "auto_discover": true,
    "discovery_interval": 300
  },
  "computer_vision": {
    "enabled": true,
    "ocr_language": "eng",
    "ocr_confidence_threshold": 60,
    "screenshot_directory": "screenshots"
  },
  "performance": {
    "max_memory_usage": 1024,
    "max_cpu_usage": 80,
    "cache_enabled": true,
    "cache_size": 100,
    "thread_pool_size": 4
  },
  "logging": {
    "level": "INFO",
    "file": "logs/safwaan_hyper_ultimate.log",
    "max_size": 10485760,
    "backup_count": 5,
    "console_logging": true,
    "color_logging": true
  },
  "security": {
    "enable_encryption": false,
    "secure_mode": false,
    "require_authentication": false,
    "session_timeout": 3600
  },
  "database": {
    "path": "data/safwaan_data.db",
    "pool_size": 5,
    "timeout": 30,
    "auto_backup": true,
    "backup_interval": 86400
  },
  "notifications": {
    "enabled": true,
    "sound": true,
    "duration": 5,
    "position": "bottom_right"
  },
  "advanced": {
    "debug_mode": false,
    "verbose_logging": false,
    "performance_profiling": false,
    "test_mode": false,
    "auto_update_check": true
  }
}