{
    "agent_name": "Safwaan Buddy",
    "wake_words": [
        "buddy",
        "safwaan buddy",
        "hey buddy"
    ],
    "voice_rate": 150,
    "voice_volume": 1.0,
    "enable_wake_word_detection": true,
    "enable_voice_input": true,
    "enable_system_monitoring": true,
    "gui_theme": "dark",
    "window_width": 1200,
    "window_height": 900,
    "enable_ai_personality": true,
    "enable_natural_speech": true,
    "enable_system_control": true,
    "enable_multilingual": true,
    "default_language": "english",
    "emotional_intelligence": true,
    "personality_formality": 0.3,
    "personality_enthusiasm": 0.7,
    "personality_empathy": 0.8
}